312,308
313,309
314,310
315,311
316,312
317,313
318,314
319,315
320,316
321,317
322,318
323,319
324,320
325,321
326,322
327,323
328,324
329,325
330,326
331,327
332,328
333,329
334,330
335,331
336,332
337,333
338,334
339,335
341,337
340,336
342,338
343,339
344,340
346,341
345,342
348,344
347,343
350,346
349,345
351,347
352,348
354,350
353,349
355,351
356,352
357,353
358,354
359,355
360,356
361,357
362,358
363,359
364,360
365,361
366,362
367,363
368,364
369,365
370,366
371,367
372,368
373,369
374,370
375,371
376,372
377,373
378,374
379,375
380,376
381,377
383,378
382,379
384,380
385,381
386,382
387,383
