61874,61733
61875,61734
61876,61735
61877,61736
61878,61737
61879,61738
61880,61739
61881,61740
61882,61741
61883,61742
61884,61743
61885,61745
61886,61744
61887,61746
61888,61747
61890,61749
61889,61748
61891,61750
61892,61751
61893,61752
61894,61753
61895,61754
61896,61755
61898,61757
61897,61756
61899,61759
61900,61758
61902,61760
61901,61761
61903,61763
61904,61762
61905,61765
61906,61764
61908,61766
61907,61767
61910,61769
61909,61768
61911,61771
61912,61770
61913,61772
61915,61774
61914,61773
61916,61775
61917,61776
61918,61778
61919,61777
61920,61779
61921,61780
61922,61781
61924,61782
61925,61784
61923,61783
61926,61785
61927,61786
61928,61787
61929,61788
61930,61789
61933,61791
61932,61790
61931,61792
61936,61794
61935,61795
61934,61793
61937,61796
61939,61797
61938,61798
61942,61800
61940,61801
61941,61799
61944,61803
61945,61804
61943,61802
61946,61805
61947,61807
61948,61806
61949,61808
61950,61809
61951,61810
61953,61811
61952,61812
61954,61813
61955,61814
61958,61816
61957,61815
61956,61817
61960,61819
61959,61818
61963,61820
61962,61821
61961,61822
61964,61824
61965,61823
61966,61825
61967,61826
61968,61828
61969,61827
61970,61829
61971,61830
61972,61831
61973,61832
